you,dont,know,me,i,only,show,you,the,part,that,i,want,you,to,know,only,so,heres,my,advice,dont,judge,me,by,what,you,only,look
open,for,surprise
parents,pls,raise,ur,kids,properly,pleaseeeee,nobody,likes,brats
keputusannya,indonesia,kalah
hunger,or,sleep
that,is,why,you,should,not,eat,fruits

if,messi,gave,this,assist,it,would,go,global,what,a,pass,from
outrageous
a,goal,and,an,assist,for
in,their,huge,win,over,thailand
kat,kerja,seniority,wujud,so
malu,tu,xleh,nk,gambar,bila,kwn,islam,aq,kenapa,aq,x,baca,quran
soalan,bocor,soalan,ramalan,berdasarkan,analisis,tahunan,cikgu,sbpmrsm,penggubal,dorang,tak,tau,soalan,yg,dlm,spm,sbb,soalan,dorang,masuk,bank,soalan,lepas,tu,lpm,randomly,pilih,soalan,sambung,kat
the,key,is,latihan,so,time,spm,soalan,pun,ada,idea,jawab,budak,sekolah,harian,boleh,dapatkan,soalan,latihan,yg,sebab,kitaorg,amik,website,bank,soalan,je,takde,bocor,pun,bocor,tak,straight,aâ€™s
the,more,i,learn,the,more,i,realize,how,much,i,dont,know,albert,seketul,batu
nak,share,yang,rasa,memberi,manfaat,ibu,orang,anak,dan,suami,syif,perhotelan,bekerja,nun,atas,bukit,genting,kami,tinggal,batang,kali,hari,berulang,minit,bekerja,genting,ni
plagiat,x,elok
minit,tinggal,check,paper,question,x,jwb
perlu,dslr,nak,tangkap,gambar,secantik,upah,photographer,rm,membazir,snap,gambar,pakai,phone,je,then,edit,cantik,dh,la,cukup,retweet,share,dia
bring,me,back,my,childhood
comeback,stronger
aq,xnk,makan,aq,dh
sedih,nya,x,dpt,roommate,camni

false,alarm,gais,bismillah,twitter,please,do,your,magic
this,sis,fitnah,my,school,without,bukti,patah,tu,sebab,sukan,rugby,n,bola,ni,dah,tukar,username,but,still,salahkan,these,kids,now,finals,this,sis,dah,ganggu,mental,diorang,nak,exam
